Index,Content,Image,Tag
0,"CMT-GlobalGroup of qT-Group seeks global cooperation with millions of partners in the trading services field as a volunteer, business development associates.

+ The explosion of Bitcoin/Ethereum/Metaverse options in the future and its impact on trading services business models.
+ The effects of climate change have changed the entire real estate market and investors' goals.

Come to us, billions of dollars worth of benefits are shared worthy of the value you have made, together expand your network and enhance your profile via direct access with leading partners in the industry.

Apply: https://www.linkedin.com/jobs/view/3115118704
Learn more about qT-Group: https://docs.google.com/document/d/1LboxS-2XDu0HouAq8LSmCeDZ4A0hZHMdmluIAEo3FTw/edit

Linkedin Page: https://www.linkedin.com/company/aa-globalgroup/
Website: https://qt-globalgroup.com/",https://upload.wikimedia.org/wikipedia/commons/thumb/9/9e/Random_Turtle.jpg/2560px-Random_Turtle.jpg,"minh,nguyn , hoang , hehe"
1,"CMT-GlobalGroup of qT-Group seeks global cooperation with millions of partners in the trading services field as a volunteer, business development associates.

+ The explosion of Bitcoin/Ethereum/Metaverse options in the future and its impact on trading services business models.
+ The effects of climate change have changed the entire real estate market and investors' goals.

Come to us, billions of dollars worth of benefits are shared worthy of the value you have made, together expand your network and enhance your profile via direct access with leading partners in the industry.

Apply: https://www.linkedin.com/jobs/view/3115118704
Learn more about qT-Group: https://docs.google.com/document/d/1LboxS-2XDu0HouAq8LSmCeDZ4A0hZHMdmluIAEo3FTw/edit

Linkedin Page: https://www.linkedin.com/company/aa-globalgroup/
Website: https://qt-globalgroup.com/",https://upload.wikimedia.org/wikipedia/commons/thumb/9/9e/Random_Turtle.jpg/2560px-Random_Turtle.jpg
2,"CMT-GlobalGroup of qT-Group seeks global cooperation with millions of partners in the trading services field as a volunteer, business development associates.

+ The explosion of Bitcoin/Ethereum/Metaverse options in the future and its impact on trading services business models.
+ The effects of climate change have changed the entire real estate market and investors' goals.

Come to us, billions of dollars worth of benefits are shared worthy of the value you have made, together expand your network and enhance your profile via direct access with leading partners in the industry.

Apply: https://www.linkedin.com/jobs/view/3115118704
Learn more about qT-Group: https://docs.google.com/document/d/1LboxS-2XDu0HouAq8LSmCeDZ4A0hZHMdmluIAEo3FTw/edit

Linkedin Page: https://www.linkedin.com/company/aa-globalgroup/
Website: https://qt-globalgroup.com/",NULL
3,"CMT-GlobalGroup of qT-Group seeks global cooperation with millions of partners in the trading services field as a volunteer, business development associates.

+ The explosion of Bitcoin/Ethereum/Metaverse options in the future and its impact on trading services business models.
+ The effects of climate change have changed the entire real estate market and investors' goals.

Come to us, billions of dollars worth of benefits are shared worthy of the value you have made, together expand your network and enhance your profile via direct access with leading partners in the industry.

Apply: https://www.linkedin.com/jobs/view/3115118704
Learn more about qT-Group: https://docs.google.com/document/d/1LboxS-2XDu0HouAq8LSmCeDZ4A0hZHMdmluIAEo3FTw/edit

Linkedin Page: https://www.linkedin.com/company/aa-globalgroup/
Website: https://qt-globalgroup.com/",NULL
4,"CMT-GlobalGroup of qT-Group seeks global cooperation with millions of partners in the trading services field as a volunteer, business development associates.

+ The explosion of Bitcoin/Ethereum/Metaverse options in the future and its impact on trading services business models.
+ The effects of climate change have changed the entire real estate market and investors' goals.

Come to us, billions of dollars worth of benefits are shared worthy of the value you have made, together expand your network and enhance your profile via direct access with leading partners in the industry.

Apply: https://www.linkedin.com/jobs/view/3115118704
Learn more about qT-Group: https://docs.google.com/document/d/1LboxS-2XDu0HouAq8LSmCeDZ4A0hZHMdmluIAEo3FTw/edit

Linkedin Page: https://www.linkedin.com/company/aa-globalgroup/
Website: https://qt-globalgroup.com/",NULL
5,"CMT-GlobalGroup of qT-Group seeks global cooperation with millions of partners in the trading services field as a volunteer, business development associates.

+ The explosion of Bitcoin/Ethereum/Metaverse options in the future and its impact on trading services business models.
+ The effects of climate change have changed the entire real estate market and investors' goals.

Come to us, billions of dollars worth of benefits are shared worthy of the value you have made, together expand your network and enhance your profile via direct access with leading partners in the industry.

Apply: https://www.linkedin.com/jobs/view/3115118704
Learn more about qT-Group: https://docs.google.com/document/d/1LboxS-2XDu0HouAq8LSmCeDZ4A0hZHMdmluIAEo3FTw/edit

Linkedin Page: https://www.linkedin.com/company/aa-globalgroup/
Website: https://qt-globalgroup.com/",NULL
6,"CMT-GlobalGroup of qT-Group seeks global cooperation with millions of partners in the trading services field as a volunteer, business development associates.

+ The explosion of Bitcoin/Ethereum/Metaverse options in the future and its impact on trading services business models.
+ The effects of climate change have changed the entire real estate market and investors' goals.

Come to us, billions of dollars worth of benefits are shared worthy of the value you have made, together expand your network and enhance your profile via direct access with leading partners in the industry.

Apply: https://www.linkedin.com/jobs/view/3115118704
Learn more about qT-Group: https://docs.google.com/document/d/1LboxS-2XDu0HouAq8LSmCeDZ4A0hZHMdmluIAEo3FTw/edit

Linkedin Page: https://www.linkedin.com/company/aa-globalgroup/
Website: https://qt-globalgroup.com/",NULL
7,"CMT-GlobalGroup of qT-Group seeks global cooperation with millions of partners in the trading services field as a volunteer, business development associates.

+ The explosion of Bitcoin/Ethereum/Metaverse options in the future and its impact on trading services business models.
+ The effects of climate change have changed the entire real estate market and investors' goals.

Come to us, billions of dollars worth of benefits are shared worthy of the value you have made, together expand your network and enhance your profile via direct access with leading partners in the industry.

Apply: https://www.linkedin.com/jobs/view/3115118704
Learn more about qT-Group: https://docs.google.com/document/d/1LboxS-2XDu0HouAq8LSmCeDZ4A0hZHMdmluIAEo3FTw/edit

Linkedin Page: https://www.linkedin.com/company/aa-globalgroup/
Website: https://qt-globalgroup.com/",NULL
8,"CMT-GlobalGroup of qT-Group seeks global cooperation with millions of partners in the trading services field as a volunteer, business development associates.

+ The explosion of Bitcoin/Ethereum/Metaverse options in the future and its impact on trading services business models.
+ The effects of climate change have changed the entire real estate market and investors' goals.

Come to us, billions of dollars worth of benefits are shared worthy of the value you have made, together expand your network and enhance your profile via direct access with leading partners in the industry.

Apply: https://www.linkedin.com/jobs/view/3115118704
Learn more about qT-Group: https://docs.google.com/document/d/1LboxS-2XDu0HouAq8LSmCeDZ4A0hZHMdmluIAEo3FTw/edit

Linkedin Page: https://www.linkedin.com/company/aa-globalgroup/
Website: https://qt-globalgroup.com/",NULL
9,"CMT-GlobalGroup of qT-Group seeks global cooperation with millions of partners in the trading services field as a volunteer, business development associates.

+ The explosion of Bitcoin/Ethereum/Metaverse options in the future and its impact on trading services business models.
+ The effects of climate change have changed the entire real estate market and investors' goals.

Come to us, billions of dollars worth of benefits are shared worthy of the value you have made, together expand your network and enhance your profile via direct access with leading partners in the industry.

Apply: https://www.linkedin.com/jobs/view/3115118704
Learn more about qT-Group: https://docs.google.com/document/d/1LboxS-2XDu0HouAq8LSmCeDZ4A0hZHMdmluIAEo3FTw/edit

Linkedin Page: https://www.linkedin.com/company/aa-globalgroup/
Website: https://qt-globalgroup.com/",NULL
10,"CMT-GlobalGroup of qT-Group seeks global cooperation with millions of partners in the trading services field as a volunteer, business development associates.

+ The explosion of Bitcoin/Ethereum/Metaverse options in the future and its impact on trading services business models.
+ The effects of climate change have changed the entire real estate market and investors' goals.

Come to us, billions of dollars worth of benefits are shared worthy of the value you have made, together expand your network and enhance your profile via direct access with leading partners in the industry.

Apply: https://www.linkedin.com/jobs/view/3115118704
Learn more about qT-Group: https://docs.google.com/document/d/1LboxS-2XDu0HouAq8LSmCeDZ4A0hZHMdmluIAEo3FTw/edit

Linkedin Page: https://www.linkedin.com/company/aa-globalgroup/
Website: https://qt-globalgroup.com/",NULL
11,"CMT-GlobalGroup of qT-Group seeks global cooperation with millions of partners in the trading services field as a volunteer, business development associates.

+ The explosion of Bitcoin/Ethereum/Metaverse options in the future and its impact on trading services business models.
+ The effects of climate change have changed the entire real estate market and investors' goals.

Come to us, billions of dollars worth of benefits are shared worthy of the value you have made, together expand your network and enhance your profile via direct access with leading partners in the industry.

Apply: https://www.linkedin.com/jobs/view/3115118704
Learn more about qT-Group: https://docs.google.com/document/d/1LboxS-2XDu0HouAq8LSmCeDZ4A0hZHMdmluIAEo3FTw/edit

Linkedin Page: https://www.linkedin.com/company/aa-globalgroup/
Website: https://qt-globalgroup.com/",NULL
12,"CMT-GlobalGroup of qT-Group seeks global cooperation with millions of partners in the trading services field as a volunteer, business development associates.

+ The explosion of Bitcoin/Ethereum/Metaverse options in the future and its impact on trading services business models.
+ The effects of climate change have changed the entire real estate market and investors' goals.

Come to us, billions of dollars worth of benefits are shared worthy of the value you have made, together expand your network and enhance your profile via direct access with leading partners in the industry.

Apply: https://www.linkedin.com/jobs/view/3115118704
Learn more about qT-Group: https://docs.google.com/document/d/1LboxS-2XDu0HouAq8LSmCeDZ4A0hZHMdmluIAEo3FTw/edit

Linkedin Page: https://www.linkedin.com/company/aa-globalgroup/
Website: https://qt-globalgroup.com/",NULL
13,"CMT-GlobalGroup of qT-Group seeks global cooperation with millions of partners in the trading services field as a volunteer, business development associates.

+ The explosion of Bitcoin/Ethereum/Metaverse options in the future and its impact on trading services business models.
+ The effects of climate change have changed the entire real estate market and investors' goals.

Come to us, billions of dollars worth of benefits are shared worthy of the value you have made, together expand your network and enhance your profile via direct access with leading partners in the industry.

Apply: https://www.linkedin.com/jobs/view/3115118704
Learn more about qT-Group: https://docs.google.com/document/d/1LboxS-2XDu0HouAq8LSmCeDZ4A0hZHMdmluIAEo3FTw/edit

Linkedin Page: https://www.linkedin.com/company/aa-globalgroup/
Website: https://qt-globalgroup.com/",NULL
14,"CMT-GlobalGroup of qT-Group seeks global cooperation with millions of partners in the trading services field as a volunteer, business development associates.

+ The explosion of Bitcoin/Ethereum/Metaverse options in the future and its impact on trading services business models.
+ The effects of climate change have changed the entire real estate market and investors' goals.

Come to us, billions of dollars worth of benefits are shared worthy of the value you have made, together expand your network and enhance your profile via direct access with leading partners in the industry.

Apply: https://www.linkedin.com/jobs/view/3115118704
Learn more about qT-Group: https://docs.google.com/document/d/1LboxS-2XDu0HouAq8LSmCeDZ4A0hZHMdmluIAEo3FTw/edit

Linkedin Page: https://www.linkedin.com/company/aa-globalgroup/
Website: https://qt-globalgroup.com/",NULL
15,"CMT-GlobalGroup of qT-Group seeks global cooperation with millions of partners in the trading services field as a volunteer, business development associates.

+ The explosion of Bitcoin/Ethereum/Metaverse options in the future and its impact on trading services business models.
+ The effects of climate change have changed the entire real estate market and investors' goals.

Come to us, billions of dollars worth of benefits are shared worthy of the value you have made, together expand your network and enhance your profile via direct access with leading partners in the industry.

Apply: https://www.linkedin.com/jobs/view/3115118704
Learn more about qT-Group: https://docs.google.com/document/d/1LboxS-2XDu0HouAq8LSmCeDZ4A0hZHMdmluIAEo3FTw/edit

Linkedin Page: https://www.linkedin.com/company/aa-globalgroup/
Website: https://qt-globalgroup.com/",NULL
16,"CMT-GlobalGroup of qT-Group seeks global cooperation with millions of partners in the trading services field as a volunteer, business development associates.

+ The explosion of Bitcoin/Ethereum/Metaverse options in the future and its impact on trading services business models.
+ The effects of climate change have changed the entire real estate market and investors' goals.

Come to us, billions of dollars worth of benefits are shared worthy of the value you have made, together expand your network and enhance your profile via direct access with leading partners in the industry.

Apply: https://www.linkedin.com/jobs/view/3115118704
Learn more about qT-Group: https://docs.google.com/document/d/1LboxS-2XDu0HouAq8LSmCeDZ4A0hZHMdmluIAEo3FTw/edit

Linkedin Page: https://www.linkedin.com/company/aa-globalgroup/
Website: https://qt-globalgroup.com/",NULL
17,"CMT-GlobalGroup of qT-Group seeks global cooperation with millions of partners in the trading services field as a volunteer, business development associates.

+ The explosion of Bitcoin/Ethereum/Metaverse options in the future and its impact on trading services business models.
+ The effects of climate change have changed the entire real estate market and investors' goals.

Come to us, billions of dollars worth of benefits are shared worthy of the value you have made, together expand your network and enhance your profile via direct access with leading partners in the industry.

Apply: https://www.linkedin.com/jobs/view/3115118704
Learn more about qT-Group: https://docs.google.com/document/d/1LboxS-2XDu0HouAq8LSmCeDZ4A0hZHMdmluIAEo3FTw/edit

Linkedin Page: https://www.linkedin.com/company/aa-globalgroup/
Website: https://qt-globalgroup.com/",NULL
18,"CMT-GlobalGroup of qT-Group seeks global cooperation with millions of partners in the trading services field as a volunteer, business development associates.

+ The explosion of Bitcoin/Ethereum/Metaverse options in the future and its impact on trading services business models.
+ The effects of climate change have changed the entire real estate market and investors' goals.

Come to us, billions of dollars worth of benefits are shared worthy of the value you have made, together expand your network and enhance your profile via direct access with leading partners in the industry.

Apply: https://www.linkedin.com/jobs/view/3115118704
Learn more about qT-Group: https://docs.google.com/document/d/1LboxS-2XDu0HouAq8LSmCeDZ4A0hZHMdmluIAEo3FTw/edit

Linkedin Page: https://www.linkedin.com/company/aa-globalgroup/
Website: https://qt-globalgroup.com/",NULL
